id,first_name,last_name,email,password,last_login,last_login_ip,status,remember_token,created_at,updated_at
1,Torrance,Schuppe,molson@maggio.com,$2y$10$r8vk4Feu4e9J.NDrbTVK/uN0l38/EyT2mLfpexUHp4tc48BDSRQVC,,,1,DCbz7MtA3D,"2016-08-05 02:30:08","2016-08-05 02:30:08"
2,Keyshawn,Wiegand,eschmidt@gusikowski.biz,$2y$10$Uza7wxjBuDdqOiWct6jBiOWPllbJZY53uITKMddu1QBdq5FZLWxra,,,1,bqJAMGmZMd,"2016-08-05 02:30:08","2016-08-05 02:30:08"
3,Murphy,Abernathy,vprohaska@yahoo.com,$2y$10$MTrRbewNBSmlh3CXpgAZ4ekKlqNi3XKwmhIllb8NZfSqlswes9wmi,,,1,mCXxkNwPAM,"2016-08-05 02:30:08","2016-08-05 02:30:08"
4,Amaya,Bechtelar,smuller@gmail.com,$2y$10$ZTHBlQR5wxAPYIfq6XDy0uU75ceG5PVA00qgbQaeoVi00iQyrE9UO,,,1,4o4bLzMOml,"2016-08-05 02:30:08","2016-08-05 02:30:08"
5,Garnett,Kub,edna.stiedemann@rogahn.com,$2y$10$pJgd4A.2mvO/7fb73itTIOK51wkg1fWzQFsJcEKxQOLr0VQIABTxS,,,1,5EZ4t5nL12,"2016-08-05 02:30:08","2016-08-05 02:30:08"
6,Sincere,Boyer,lonny68@gmail.com,$2y$10$6n4uTuWRB5yhlFVECRVin.Owf/ycAbeQkIqEP51w2Nzmda6HA0xky,,,1,qxyKajNRdT,"2016-08-05 02:30:08","2016-08-05 02:30:08"
7,Trystan,Gottlieb,grady.hahn@pfeffer.com,$2y$10$v4taH049XRGUb2upWLD9cOwsE5.MYtz0wT5r9dESQJFtlpKCW7NkC,,,1,uG9itDfH2a,"2016-08-05 02:30:08","2016-08-05 02:30:08"
8,Adam,Dietrich,stefan03@hane.biz,$2y$10$hu/RcXmycYhEN.kjOPMeHOBB6kPbAemJS4YlP2rjAbxA02ZL54Q/a,,,1,OkoN62KdgE,"2016-08-05 02:30:08","2016-08-05 02:30:08"
9,Rocky,Huel,domingo23@hotmail.com,$2y$10$oZsaGV8HZRJgFn8sTfCQ7.OKwxkqopKrD8jv3sVsk5yGfmckeHkt.,,,1,VLKmMYFJeg,"2016-08-05 02:30:08","2016-08-05 02:30:08"
10,Seamus,Mosciski,nveum@yahoo.com,$2y$10$9a7zaQ7mGNcfU5Qr3Z2yf.6IPe.NL0UfYQi8DdO1gXrh1jxaOo9Sq,,,1,dm4adY5frU,"2016-08-05 02:30:08","2016-08-05 02:30:08"
